GEOID,area,tract,total_pop,hh_total,median_hh_income,income_bracket,income_gini
6073021500,Census Tract 215,21500,9324.0,9324.0,191642.0,$150k–$200k,0.4193
6073008313,Census Tract 83.13,8313,2162.0,2162.0,183929.0,$150k–$200k,0.4888
6073008310,Census Tract 83.10,8310,6212.0,6212.0,173549.0,$150k–$200k,0.4947
6073017107,Census Tract 171.07,17107,2976.0,2976.0,169821.0,$150k–$200k,0.3329
6073008328,Census Tract 83.28,8328,6663.0,6663.0,167689.0,$150k–$200k,0.4088
6073008311,Census Tract 83.11,8311,3138.0,3138.0,164653.0,$150k–$200k,0.5021
6073008331,Census Tract 83.31,8331,2421.0,2421.0,164250.0,$150k–$200k,0.3337
6073008366,Census Tract 83.66,8366,7061.0,7061.0,155877.0,$150k–$200k,0.3472
6073017303,Census Tract 173.03,17303,3009.0,3009.0,155350.0,$150k–$200k,0.4737
6073008335,Census Tract 83.35,8335,9938.0,9938.0,155106.0,$150k–$200k,0.3622
6073002001,Census Tract 20.01,2001,3417.0,3417.0,151797.0,$150k–$200k,0.3995
6073017029,Census Tract 170.29,17029,9149.0,9149.0,151267.0,$150k–$200k,0.5032
6073008346,Census Tract 83.46,8346,5020.0,5020.0,150405.0,$150k–$200k,0.3156
6073017045,Census Tract 170.45,17045,2753.0,2753.0,150391.0,$150k–$200k,0.3727
6073008365,Census Tract 83.65,8365,3152.0,3152.0,149063.0,$100k–$150k,0.3066
6073008333,Census Tract 83.33,8333,15695.0,15695.0,148889.0,$100k–$150k,0.4488
6073021303,Census Tract 213.03,21303,9497.0,9497.0,148261.0,$100k–$150k,0.3775
6073011300,Census Tract 113,11300,2893.0,2893.0,146250.0,$100k–$150k,0.283
6073017053,Census Tract 170.53,17053,3217.0,3217.0,145052.0,$100k–$150k,0.4861
6073008303,Census Tract 83.03,8303,3618.0,3618.0,144792.0,$100k–$150k,0.528
6073020016,Census Tract 200.16,20016,9600.0,9600.0,143836.0,$100k–$150k,0.398
6073008337,Census Tract 83.37,8337,4303.0,4303.0,143547.0,$100k–$150k,0.3487
6073017808,Census Tract 178.08,17808,6283.0,6283.0,142431.0,$100k–$150k,0.4093
6073017033,Census Tract 170.33,17033,4800.0,4800.0,141713.0,$100k–$150k,0.3459
6073017044,Census Tract 170.44,17044,5710.0,5710.0,141595.0,$100k–$150k,0.3257
6073009504,Census Tract 95.04,9504,6621.0,6621.0,139938.0,$100k–$150k,0.447
6073017030,Census Tract 170.30,17030,21927.0,21927.0,139770.0,$100k–$150k,0.4377
6073008330,Census Tract 83.30,8330,5911.0,5911.0,138077.0,$100k–$150k,0.3886
6073017047,Census Tract 170.47,17047,4003.0,4003.0,136728.0,$100k–$150k,0.3781
6073008336,Census Tract 83.36,8336,2215.0,2215.0,136458.0,$100k–$150k,0.3009
6073008102,Census Tract 81.02,8102,3603.0,3603.0,136067.0,$100k–$150k,0.5048
6073017109,Census Tract 171.09,17109,6787.0,6787.0,135526.0,$100k–$150k,0.4327
6073008327,Census Tract 83.27,8327,6196.0,6196.0,135389.0,$100k–$150k,0.4318
6073017020,Census Tract 170.20,17020,3488.0,3488.0,134792.0,$100k–$150k,0.4418
6073008324,Census Tract 83.24,8324,7196.0,7196.0,134099.0,$100k–$150k,0.4655
6073017021,Census Tract 170.21,17021,2955.0,2955.0,133000.0,$100k–$150k,0.3837
6073007002,Census Tract 70.02,7002,2982.0,2982.0,133000.0,$100k–$150k,0.3415
6073000100,Census Tract 1,100,2863.0,2863.0,131607.0,$100k–$150k,0.5436
6073015406,Census Tract 154.06,15406,2606.0,2606.0,131071.0,$100k–$150k,0.4155
6073017110,Census Tract 171.10,17110,11815.0,11815.0,129920.0,$100k–$150k,0.5052
6073017006,Census Tract 170.06,17006,2928.0,2928.0,129125.0,$100k–$150k,0.418
6073017108,Census Tract 171.08,17108,4829.0,4829.0,128000.0,$100k–$150k,0.3607
6073017042,Census Tract 170.42,17042,7921.0,7921.0,127841.0,$100k–$150k,0.3678
6073008306,Census Tract 83.06,8306,3226.0,3226.0,127778.0,$100k–$150k,0.3635
6073008312,Census Tract 83.12,8312,3872.0,3872.0,126970.0,$100k–$150k,0.5763
6073017032,Census Tract 170.32,17032,14919.0,14919.0,126696.0,$100k–$150k,0.4225
6073013410,Census Tract 134.10,13410,8449.0,8449.0,125988.0,$100k–$150k,0.3602
6073013417,Census Tract 134.17,13417,2206.0,2206.0,125859.0,$100k–$150k,0.324
6073017046,Census Tract 170.46,17046,3807.0,3807.0,125368.0,$100k–$150k,0.4199
6073007302,Census Tract 73.02,7302,2127.0,2127.0,123750.0,$100k–$150k,0.4228
6073007200,Census Tract 72,7200,6092.0,6092.0,123603.0,$100k–$150k,0.4479
6073017034,Census Tract 170.34,17034,5231.0,5231.0,123380.0,$100k–$150k,0.2893
6073020405,Census Tract 204.05,20405,3249.0,3249.0,123229.0,$100k–$150k,0.3654
6073017043,Census Tract 170.43,17043,6442.0,6442.0,122568.0,$100k–$150k,0.3906
6073017200,Census Tract 172,17200,4338.0,4338.0,122563.0,$100k–$150k,0.5662
6073021800,Census Tract 218,21800,2330.0,2330.0,121563.0,$100k–$150k,0.5074
6073020710,Census Tract 207.10,20710,1600.0,1600.0,121250.0,$100k–$150k,0.448
6073010601,Census Tract 106.01,10601,2307.0,2307.0,121034.0,$100k–$150k,0.4692
6073017054,Census Tract 170.54,17054,5701.0,5701.0,119545.0,$100k–$150k,0.4708
6073009505,Census Tract 95.05,9505,7477.0,7477.0,118750.0,$100k–$150k,0.3707
6073020013,Census Tract 200.13,20013,13670.0,13670.0,118333.0,$100k–$150k,0.4244
6073017055,Census Tract 170.55,17055,5256.0,5256.0,117361.0,$100k–$150k,0.3896
6073021304,Census Tract 213.04,21304,2508.0,2508.0,116786.0,$100k–$150k,0.332
6073017010,Census Tract 170.10,17010,3266.0,3266.0,116643.0,$100k–$150k,0.3318
6073015602,Census Tract 156.02,15602,2267.0,2267.0,116125.0,$100k–$150k,0.3608
6073020401,Census Tract 204.01,20401,2312.0,2312.0,115972.0,$100k–$150k,0.4536
6073020706,Census Tract 207.06,20706,6429.0,6429.0,114497.0,$100k–$150k,0.4744
6073017401,Census Tract 174.01,17401,5860.0,5860.0,114479.0,$100k–$150k,0.4983
6073007100,Census Tract 71,7100,4665.0,4665.0,114458.0,$100k–$150k,0.5067
6073017306,Census Tract 173.06,17306,2723.0,2723.0,114063.0,$100k–$150k,0.5315
6073008344,Census Tract 83.44,8344,3560.0,3560.0,113790.0,$100k–$150k,0.3416
6073021204,Census Tract 212.04,21204,5660.0,5660.0,113715.0,$100k–$150k,0.3744
6073020020,Census Tract 200.20,20020,8066.0,8066.0,113574.0,$100k–$150k,0.3494
6073008348,Census Tract 83.48,8348,5910.0,5910.0,113333.0,$100k–$150k,0.3107
6073008354,Census Tract 83.54,8354,8450.0,8450.0,113071.0,$100k–$150k,0.3191
6073009506,Census Tract 95.06,9506,4512.0,4512.0,113068.0,$100k–$150k,0.3196
6073013419,Census Tract 134.19,13419,8579.0,8579.0,112980.0,$100k–$150k,0.355
6073020027,Census Tract 200.27,20027,16449.0,16449.0,112813.0,$100k–$150k,0.4068
6073008301,Census Tract 83.01,8301,3058.0,3058.0,112542.0,$100k–$150k,0.4082
6073009706,Census Tract 97.06,9706,7273.0,7273.0,111473.0,$100k–$150k,0.4774
6073013605,Census Tract 136.05,13605,6756.0,6756.0,111466.0,$100k–$150k,0.4379
6073017040,Census Tract 170.40,17040,4861.0,4861.0,110906.0,$100k–$150k,0.3891
6073017601,Census Tract 176.01,17601,5595.0,5595.0,110804.0,$100k–$150k,0.4985
6073017041,Census Tract 170.41,17041,5951.0,5951.0,110094.0,$100k–$150k,0.333
6073008002,Census Tract 80.02,8002,2968.0,2968.0,109224.0,$100k–$150k,0.4094
6073017603,Census Tract 176.03,17603,2528.0,2528.0,108833.0,$100k–$150k,0.4835
6073017106,Census Tract 171.06,17106,4942.0,4942.0,108750.0,$100k–$150k,0.511
6073008350,Census Tract 83.50,8350,6555.0,6555.0,108596.0,$100k–$150k,0.3325
6073017403,Census Tract 174.03,17403,5158.0,5158.0,108333.0,$100k–$150k,0.5508
6073010900,Census Tract 109,10900,2072.0,2072.0,107794.0,$100k–$150k,0.5136
6073017037,Census Tract 170.37,17037,5741.0,5741.0,107790.0,$100k–$150k,0.366
6073008347,Census Tract 83.47,8347,7001.0,7001.0,107708.0,$100k–$150k,0.3814
6073013314,Census Tract 133.14,13314,20534.0,20534.0,107352.0,$100k–$150k,0.3813
6073017305,Census Tract 173.05,17305,3184.0,3184.0,106875.0,$100k–$150k,0.4442
6073017104,Census Tract 171.04,17104,3955.0,3955.0,106776.0,$100k–$150k,0.3963
6073017811,Census Tract 178.11,17811,7539.0,7539.0,106466.0,$100k–$150k,0.4376
6073020014,Census Tract 200.14,20014,7611.0,7611.0,106331.0,$100k–$150k,0.4295
6073020810,Census Tract 208.10,20810,5261.0,5261.0,106319.0,$100k–$150k,0.3336
6073022100,Census Tract 221,22100,9730.0,9730.0,105151.0,$100k–$150k,0.4637
6073015403,Census Tract 154.03,15403,2599.0,2599.0,104922.0,$100k–$150k,0.4282
6073017501,Census Tract 175.01,17501,2981.0,2981.0,104808.0,$100k–$150k,0.4811
6073020811,Census Tract 208.11,20811,6124.0,6124.0,104800.0,$100k–$150k,0.3503
6073021206,Census Tract 212.06,21206,3065.0,3065.0,104375.0,$100k–$150k,0.405
6073004200,Census Tract 42,4200,6031.0,6031.0,104361.0,$100k–$150k,0.3948
6073006900,Census Tract 69,6900,5721.0,5721.0,103782.0,$100k–$150k,0.4319
6073019804,Census Tract 198.04,19804,4489.0,4489.0,103750.0,$100k–$150k,0.3697
6073013311,Census Tract 133.11,13311,11324.0,11324.0,103725.0,$100k–$150k,0.3363
6073009101,Census Tract 91.01,9101,5991.0,5991.0,103143.0,$100k–$150k,0.3519
6073008513,Census Tract 85.13,8513,2944.0,2944.0,102857.0,$100k–$150k,0.4028
6073013313,Census Tract 133.13,13313,15935.0,15935.0,102768.0,$100k–$150k,0.3234
6073015405,Census Tract 154.05,15405,5599.0,5599.0,102602.0,$100k–$150k,0.3996
6073017051,Census Tract 170.51,17051,4769.0,4769.0,102590.0,$100k–$150k,0.363
6073019806,Census Tract 198.06,19806,11962.0,11962.0,102413.0,$100k–$150k,0.4451
6073010800,Census Tract 108,10800,2745.0,2745.0,102125.0,$100k–$150k,0.4796
6073008349,Census Tract 83.49,8349,3970.0,3970.0,102063.0,$100k–$150k,0.3345
6073009705,Census Tract 97.05,9705,4121.0,4121.0,102000.0,$100k–$150k,0.422
6073013414,Census Tract 134.14,13414,7797.0,7797.0,101747.0,$100k–$150k,0.2873
6073017039,Census Tract 170.39,17039,7516.0,7516.0,101649.0,$100k–$150k,0.3816
6073008003,Census Tract 80.03,8003,4154.0,4154.0,101591.0,$100k–$150k,0.4358
6073008101,Census Tract 81.01,8101,4021.0,4021.0,101417.0,$100k–$150k,0.506
6073003114,Census Tract 31.14,3114,3577.0,3577.0,101364.0,$100k–$150k,0.4119
6073015502,Census Tract 155.02,15502,2902.0,2902.0,101146.0,$100k–$150k,0.4395
6073020801,Census Tract 208.01,20801,5333.0,5333.0,101094.0,$100k–$150k,0.4274
6073017056,Census Tract 170.56,17056,4399.0,4399.0,101085.0,$100k–$150k,0.3305
6073000201,Census Tract 2.01,201,2056.0,2056.0,101071.0,$100k–$150k,0.4405
6073017702,Census Tract 177.02,17702,3253.0,3253.0,100921.0,$100k–$150k,0.489
6073003213,Census Tract 32.13,3213,4420.0,4420.0,100703.0,$100k–$150k,0.2876
6073019301,Census Tract 193.01,19301,7026.0,7026.0,100539.0,$100k–$150k,0.4003
6073017036,Census Tract 170.36,17036,3556.0,3556.0,100469.0,$100k–$150k,0.3346
6073017052,Census Tract 170.52,17052,5429.0,5429.0,100082.0,$100k–$150k,0.3435
6073009704,Census Tract 97.04,9704,6013.0,6013.0,99375.0,$75k–$100k,0.4093
6073005800,Census Tract 58,5800,3299.0,3299.0,99335.0,$75k–$100k,0.441
6073015200,Census Tract 152,15200,3701.0,3701.0,98929.0,$75k–$100k,0.5376
6073016902,Census Tract 169.02,16902,2648.0,2648.0,97917.0,$75k–$100k,0.386
6073008355,Census Tract 83.55,8355,3484.0,3484.0,97325.0,$75k–$100k,0.3295
6073011100,Census Tract 111,11100,4669.0,4669.0,97222.0,$75k–$100k,0.484
6073011000,Census Tract 110,11000,3732.0,3732.0,96728.0,$75k–$100k,0.4357
6073017813,Census Tract 178.13,17813,4400.0,4400.0,96694.0,$75k–$100k,0.4559
6073009104,Census Tract 91.04,9104,3103.0,3103.0,96080.0,$75k–$100k,0.3928
6073017031,Census Tract 170.31,17031,3995.0,3995.0,95903.0,$75k–$100k,0.4259
6073001900,Census Tract 19,1900,3343.0,3343.0,95852.0,$75k–$100k,0.3602
6073009804,Census Tract 98.04,9804,5022.0,5022.0,95690.0,$75k–$100k,0.3489
6073015302,Census Tract 153.02,15302,4207.0,4207.0,95469.0,$75k–$100k,0.4317
6073020902,Census Tract 209.02,20902,2214.0,2214.0,95278.0,$75k–$100k,0.378
6073020709,Census Tract 207.09,20709,7848.0,7848.0,95132.0,$75k–$100k,0.3628
6073019103,Census Tract 191.03,19103,5879.0,5879.0,94864.0,$75k–$100k,0.4274
6073016608,Census Tract 166.08,16608,2625.0,2625.0,94514.0,$75k–$100k,0.3387
6073008329,Census Tract 83.29,8329,7239.0,7239.0,94375.0,$75k–$100k,0.3969
6073008353,Census Tract 83.53,8353,5286.0,5286.0,94375.0,$75k–$100k,0.4196
6073016201,Census Tract 162.01,16201,5435.0,5435.0,94277.0,$75k–$100k,0.387
6073003113,Census Tract 31.13,3113,5339.0,5339.0,94123.0,$75k–$100k,0.3826
6073016612,Census Tract 166.12,16612,6158.0,6158.0,93880.0,$75k–$100k,0.3329
6073016809,Census Tract 168.09,16809,5529.0,5529.0,93609.0,$75k–$100k,0.3338
6073016613,Census Tract 166.13,16613,1923.0,1923.0,93250.0,$75k–$100k,0.3347
6073013411,Census Tract 134.11,13411,5200.0,5200.0,92885.0,$75k–$100k,0.406
6073008356,Census Tract 83.56,8356,4276.0,4276.0,92656.0,$75k–$100k,0.3419
6073003204,Census Tract 32.04,3204,3620.0,3620.0,92616.0,$75k–$100k,0.3503
6073008006,Census Tract 80.06,8006,3928.0,3928.0,92253.0,$75k–$100k,0.4954
6073020103,Census Tract 201.03,20103,10850.0,10850.0,92230.0,$75k–$100k,0.3857
6073016606,Census Tract 166.06,16606,4014.0,4014.0,92063.0,$75k–$100k,0.365
6073008501,Census Tract 85.01,8501,5775.0,5775.0,92039.0,$75k–$100k,0.3845
6073018611,Census Tract 186.11,18611,8912.0,8912.0,91961.0,$75k–$100k,0.4164
6073009507,Census Tract 95.07,9507,3778.0,3778.0,91750.0,$75k–$100k,0.4027
6073013420,Census Tract 134.20,13420,3658.0,3658.0,91645.0,$75k–$100k,0.3393
6073020708,Census Tract 207.08,20708,3769.0,3769.0,91563.0,$75k–$100k,0.3651
6073019105,Census Tract 191.05,19105,6508.0,6508.0,91544.0,$75k–$100k,0.3851
6073020015,Census Tract 200.15,20015,4841.0,4841.0,91385.0,$75k–$100k,0.4393
6073020807,Census Tract 208.07,20807,2771.0,2771.0,91042.0,$75k–$100k,0.3932
6073017809,Census Tract 178.09,17809,2558.0,2558.0,90882.0,$75k–$100k,0.4485
6073017304,Census Tract 173.04,17304,6028.0,6028.0,90625.0,$75k–$100k,0.4455
6073010015,Census Tract 100.15,10015,3062.0,3062.0,90125.0,$75k–$100k,0.3283
6073010014,Census Tract 100.14,10014,19644.0,19644.0,90064.0,$75k–$100k,0.299
6073018802,Census Tract 188.02,18802,8293.0,8293.0,90049.0,$75k–$100k,0.4491
6073017015,Census Tract 170.15,17015,8107.0,8107.0,90034.0,$75k–$100k,0.3995
6073016614,Census Tract 166.14,16614,3807.0,3807.0,89844.0,$75k–$100k,0.3545
6073013421,Census Tract 134.21,13421,4590.0,4590.0,89572.0,$75k–$100k,0.4298
6073008357,Census Tract 83.57,8357,5462.0,5462.0,89238.0,$75k–$100k,0.3405
6073017502,Census Tract 175.02,17502,3959.0,3959.0,89182.0,$75k–$100k,0.515
6073006100,Census Tract 61,6100,2330.0,2330.0,88681.0,$75k–$100k,0.4494
6073017404,Census Tract 174.04,17404,6972.0,6972.0,88382.0,$75k–$100k,0.4848
6073018601,Census Tract 186.01,18601,5147.0,5147.0,88165.0,$75k–$100k,0.4265
6073009703,Census Tract 97.03,9703,3445.0,3445.0,88125.0,$75k–$100k,0.3692
6073009305,Census Tract 93.05,9305,4714.0,4714.0,87969.0,$75k–$100k,0.354
6073009509,Census Tract 95.09,9509,4165.0,4165.0,87787.0,$75k–$100k,0.4505
6073013309,Census Tract 133.09,13309,6886.0,6886.0,87778.0,$75k–$100k,0.3297
6073002002,Census Tract 20.02,2002,2818.0,2818.0,87750.0,$75k–$100k,0.4962
6073013415,Census Tract 134.15,13415,1529.0,1529.0,87639.0,$75k–$100k,0.3282
6073003109,Census Tract 31.09,3109,3589.0,3589.0,87286.0,$75k–$100k,0.318
6073017810,Census Tract 178.10,17810,4831.0,4831.0,87212.0,$75k–$100k,0.4262
6073019803,Census Tract 198.03,19803,4937.0,4937.0,87188.0,$75k–$100k,0.3979
6073013412,Census Tract 134.12,13412,4825.0,4825.0,87064.0,$75k–$100k,0.4595
6073016810,Census Tract 168.10,16810,3097.0,3097.0,87019.0,$75k–$100k,0.3596
6073006000,Census Tract 60,6000,4114.0,4114.0,86667.0,$75k–$100k,0.4561
6073013416,Census Tract 134.16,13416,4029.0,4029.0,86420.0,$75k–$100k,0.3596
6073019001,Census Tract 190.01,19001,6382.0,6382.0,86284.0,$75k–$100k,0.4204
6073017049,Census Tract 170.49,17049,3457.0,3457.0,86278.0,$75k–$100k,0.4286
6073014602,Census Tract 146.02,14602,5266.0,5266.0,86250.0,$75k–$100k,0.4092
6073017022,Census Tract 170.22,17022,5823.0,5823.0,86184.0,$75k–$100k,0.409
6073013504,Census Tract 135.04,13504,3611.0,3611.0,85962.0,$75k–$100k,0.3644
6073020109,Census Tract 201.09,20109,5622.0,5622.0,85278.0,$75k–$100k,0.3093
6073020304,Census Tract 203.04,20304,6501.0,6501.0,84919.0,$75k–$100k,0.44
6073008307,Census Tract 83.07,8307,3924.0,3924.0,84722.0,$75k–$100k,0.479
6073013905,Census Tract 139.05,13905,3723.0,3723.0,84677.0,$75k–$100k,0.3543
6073013701,Census Tract 137.01,13701,2391.0,2391.0,84643.0,$75k–$100k,0.3868
6073008340,Census Tract 83.40,8340,9104.0,9104.0,84444.0,$75k–$100k,0.4071
6073016609,Census Tract 166.09,16609,5347.0,5347.0,84361.0,$75k–$100k,0.3654
6073008360,Census Tract 83.60,8360,6707.0,6707.0,84358.0,$75k–$100k,0.3702
6073001400,Census Tract 14,1400,3397.0,3397.0,84321.0,$75k–$100k,0.3962
6073016610,Census Tract 166.10,16610,4077.0,4077.0,84241.0,$75k–$100k,0.2954
6073016901,Census Tract 169.01,16901,7001.0,7001.0,84143.0,$75k–$100k,0.3809
6073021202,Census Tract 212.02,21202,3570.0,3570.0,84000.0,$75k–$100k,0.4099
6073016615,Census Tract 166.15,16615,4030.0,4030.0,83889.0,$75k–$100k,0.3233
6073008358,Census Tract 83.58,8358,7384.0,7384.0,83769.0,$75k–$100k,0.316
6073020403,Census Tract 204.03,20403,4071.0,4071.0,83750.0,$75k–$100k,0.346
6073013604,Census Tract 136.04,13604,6836.0,6836.0,83750.0,$75k–$100k,0.3975
6073017801,Census Tract 178.01,17801,6514.0,6514.0,83657.0,$75k–$100k,0.3768
6073003212,Census Tract 32.12,3212,4220.0,4220.0,83169.0,$75k–$100k,0.309
6073016701,Census Tract 167.01,16701,9808.0,9808.0,83074.0,$75k–$100k,0.3939
6073019106,Census Tract 191.06,19106,8808.0,8808.0,82817.0,$75k–$100k,0.4637
6073009801,Census Tract 98.01,9801,5134.0,5134.0,82809.0,$75k–$100k,0.4044
6073019208,Census Tract 192.08,19208,3315.0,3315.0,82720.0,$75k–$100k,0.4178
6073019809,Census Tract 198.09,19809,3994.0,3994.0,82639.0,$75k–$100k,0.4112
6073008512,Census Tract 85.12,8512,4632.0,4632.0,82406.0,$75k–$100k,0.4033
6073009502,Census Tract 95.02,9502,4081.0,4081.0,82361.0,$75k–$100k,0.3466
6073019702,Census Tract 197.02,19702,5077.0,5077.0,82176.0,$75k–$100k,0.3223
6073020022,Census Tract 200.22,20022,8148.0,8148.0,81706.0,$75k–$100k,0.3906
6073013418,Census Tract 134.18,13418,6577.0,6577.0,81671.0,$75k–$100k,0.3662
6073008352,Census Tract 83.52,8352,3722.0,3722.0,81250.0,$75k–$100k,0.4393
6073018608,Census Tract 186.08,18608,2974.0,2974.0,80921.0,$75k–$100k,0.3835
6073018000,Census Tract 180,18000,3370.0,3370.0,80648.0,$75k–$100k,0.4977
6073013409,Census Tract 134.09,13409,5167.0,5167.0,80324.0,$75k–$100k,0.3705
6073020107,Census Tract 201.07,20107,3980.0,3980.0,80000.0,$75k–$100k,0.4081
6073017701,Census Tract 177.01,17701,5299.0,5299.0,79875.0,$75k–$100k,0.4639
6073020404,Census Tract 204.04,20404,4744.0,4744.0,79696.0,$75k–$100k,0.4429
6073008511,Census Tract 85.11,8511,4336.0,4336.0,79645.0,$75k–$100k,0.3555
6073019903,Census Tract 199.03,19903,5005.0,5005.0,79468.0,$75k–$100k,0.4101
6073018515,Census Tract 185.15,18515,4772.0,4772.0,79260.0,$75k–$100k,0.4049
6073016607,Census Tract 166.07,16607,6846.0,6846.0,79229.0,$75k–$100k,0.3764
6073017009,Census Tract 170.09,17009,4347.0,4347.0,79150.0,$75k–$100k,0.4262
6073009805,Census Tract 98.05,9805,4940.0,4940.0,78906.0,$75k–$100k,0.3834
6073016811,Census Tract 168.11,16811,4823.0,4823.0,78359.0,$75k–$100k,0.367
6073018514,Census Tract 185.14,18514,8551.0,8551.0,78295.0,$75k–$100k,0.4377
6073013401,Census Tract 134.01,13401,4189.0,4189.0,78241.0,$75k–$100k,0.4381
6073009202,Census Tract 92.02,9202,5944.0,5944.0,78211.0,$75k–$100k,0.4467
6073020305,Census Tract 203.05,20305,6108.0,6108.0,78095.0,$75k–$100k,0.3621
6073008200,Census Tract 82,8200,2709.0,2709.0,78056.0,$75k–$100k,0.5798
6073014101,Census Tract 141.01,14101,3662.0,3662.0,78036.0,$75k–$100k,0.3675
6073014002,Census Tract 140.02,14002,4516.0,4516.0,78011.0,$75k–$100k,0.3433
6073018612,Census Tract 186.12,18612,3869.0,3869.0,77872.0,$75k–$100k,0.3858
6073008506,Census Tract 85.06,8506,4753.0,4753.0,77500.0,$75k–$100k,0.3721
6073019002,Census Tract 190.02,19002,1803.0,1803.0,77500.0,$75k–$100k,0.3618
6073013606,Census Tract 136.06,13606,6421.0,6421.0,77449.0,$75k–$100k,0.403
6073020705,Census Tract 207.05,20705,4884.0,4884.0,77259.0,$75k–$100k,0.3843
6073009103,Census Tract 91.03,9103,3606.0,3606.0,76667.0,$75k–$100k,0.4774
6073018801,Census Tract 188.01,18801,3583.0,3583.0,76341.0,$75k–$100k,0.4013
6073012900,Census Tract 129,12900,3393.0,3393.0,75930.0,$75k–$100k,0.342
6073013310,Census Tract 133.1,13310,29528.0,29528.0,75678.0,$75k–$100k,0.479
6073020809,Census Tract 208.09,20809,8338.0,8338.0,75625.0,$75k–$100k,0.3509
6073007301,Census Tract 73.01,7301,5268.0,5268.0,75618.0,$75k–$100k,0.3845
6073013601,Census Tract 136.01,13601,5317.0,5317.0,75592.0,$75k–$100k,0.417
6073003800,Census Tract 38,3800,6604.0,6604.0,75402.79871175524,$75k–$100k,0.410741384863124
6073009901,Census Tract 99.01,9901,804.0,804.0,75402.79871175524,$75k–$100k,0.410741384863124
6073006300,Census Tract 63,6300,3395.0,3395.0,75402.79871175524,$75k–$100k,0.410741384863124
6073009902,Census Tract 99.02,9902,0.0,0.0,75402.79871175524,$75k–$100k,0.410741384863124
6073006200,Census Tract 62,6200,23.0,23.0,75402.79871175524,$75k–$100k,0.410741384863124
6073005500,Census Tract 55,5500,258.0,258.0,75402.79871175524,$75k–$100k,0.410741384863124
6073990100,Census Tract 9901,990100,0.0,0.0,75402.79871175524,$75k–$100k,0.410741384863124
6073010109,Census Tract 101.09,10109,4900.0,4900.0,75057.0,$75k–$100k,0.3304
6073015501,Census Tract 155.01,15501,5131.0,5131.0,75000.0,$50k–$75k,0.389
6073009304,Census Tract 93.04,9304,9130.0,9130.0,74931.0,$50k–$75k,0.3948
6073007400,Census Tract 74,7400,7014.0,7014.0,74650.0,$50k–$75k,0.3839
6073007905,Census Tract 79.05,7905,2895.0,2895.0,74643.0,$50k–$75k,0.4059
6073008702,Census Tract 87.02,8702,5439.0,5439.0,74643.0,$50k–$75k,0.3435
6073021600,Census Tract 216,21600,3305.0,3305.0,74571.0,$50k–$75k,0.4294
6073008362,Census Tract 83.62,8362,3542.0,3542.0,74485.0,$50k–$75k,0.4215
6073016000,Census Tract 160,16000,2389.0,2389.0,74425.0,$50k–$75k,0.3857
6073013301,Census Tract 133.01,13301,5174.0,5174.0,74364.0,$50k–$75k,0.3625
6073016807,Census Tract 168.07,16807,7650.0,7650.0,74297.0,$50k–$75k,0.4046
6073020106,Census Tract 201.06,20106,3859.0,3859.0,74256.0,$50k–$75k,0.4149
6073009602,Census Tract 96.02,9602,4162.0,4162.0,74219.0,$50k–$75k,0.4233
6073008351,Census Tract 83.51,8351,4230.0,4230.0,74212.0,$50k–$75k,0.4171
6073010003,Census Tract 100.03,10003,6521.0,6521.0,74199.0,$50k–$75k,0.3399
6073020309,Census Tract 203.09,20309,4337.0,4337.0,74167.0,$50k–$75k,0.3504
6073000700,Census Tract 7,700,4631.0,4631.0,74114.0,$50k–$75k,0.4396
6073014200,Census Tract 142,14200,6393.0,6393.0,74033.0,$50k–$75k,0.3201
6073008901,Census Tract 89.01,8901,5402.0,5402.0,73697.0,$50k–$75k,0.3661
6073004300,Census Tract 43,4300,3881.0,3881.0,73640.0,$50k–$75k,0.4431
6073009604,Census Tract 96.04,9604,3693.0,3693.0,73590.0,$50k–$75k,0.3927
6073021302,Census Tract 213.02,21302,7738.0,7738.0,73587.0,$50k–$75k,0.4413
6073000500,Census Tract 5,500,3282.0,3282.0,73477.0,$50k–$75k,0.4253
6073016802,Census Tract 168.02,16802,7131.0,7131.0,73452.0,$50k–$75k,0.4698
6073019904,Census Tract 199.04,19904,7031.0,7031.0,73395.0,$50k–$75k,0.4151
6073019403,Census Tract 194.03,19403,5254.0,5254.0,73281.0,$50k–$75k,0.4551
6073005400,Census Tract 54,5400,7430.0,7430.0,73125.0,$50k–$75k,0.5321
6073007701,Census Tract 77.01,7701,4074.0,4074.0,73019.0,$50k–$75k,0.4182
6073009306,Census Tract 93.06,9306,5667.0,5667.0,72500.0,$50k–$75k,0.4377
6073017035,Census Tract 170.35,17035,3287.0,3287.0,72417.0,$50k–$75k,0.4545
6073017018,Census Tract 170.18,17018,4633.0,4633.0,72390.0,$50k–$75k,0.358
6073003211,Census Tract 32.11,3211,3489.0,3489.0,72071.0,$50k–$75k,0.3356
6073019602,Census Tract 196.02,19602,5267.0,5267.0,72064.0,$50k–$75k,0.4052
6073007502,Census Tract 75.02,7502,3256.0,3256.0,71964.0,$50k–$75k,0.508
6073002804,Census Tract 28.04,2804,5453.0,5453.0,71942.0,$50k–$75k,0.4109
6073001500,Census Tract 15,1500,3713.0,3713.0,71836.0,$50k–$75k,0.4169
6073008364,Census Tract 83.64,8364,5811.0,5811.0,71629.0,$50k–$75k,0.3986
6073009802,Census Tract 98.02,9802,6468.0,6468.0,71543.0,$50k–$75k,0.3478
6073008502,Census Tract 85.02,8502,6915.0,6915.0,71083.0,$50k–$75k,0.4417
6073018513,Census Tract 185.13,18513,9422.0,9422.0,70938.0,$50k–$75k,0.4166
6073008504,Census Tract 85.04,8504,5922.0,5922.0,70854.0,$50k–$75k,0.39
6073018803,Census Tract 188.03,18803,4729.0,4729.0,70734.0,$50k–$75k,0.4622
6073013908,Census Tract 139.08,13908,4465.0,4465.0,70605.0,$50k–$75k,0.3126
6073006802,Census Tract 68.02,6802,5498.0,5498.0,70555.0,$50k–$75k,0.4165
6073019902,Census Tract 199.02,19902,4202.0,4202.0,70469.0,$50k–$75k,0.3877
6073003207,Census Tract 32.07,3207,6568.0,6568.0,70380.0,$50k–$75k,0.3805
6073007910,Census Tract 79.10,7910,3221.0,3221.0,70379.0,$50k–$75k,0.3652
6073008701,Census Tract 87.01,8701,3165.0,3165.0,70000.0,$50k–$75k,0.4166
6073018510,Census Tract 185.10,18510,3057.0,3057.0,69868.0,$50k–$75k,0.3608
6073016100,Census Tract 161,16100,6344.0,6344.0,69823.0,$50k–$75k,0.3884
6073016605,Census Tract 166.05,16605,7271.0,7271.0,69792.0,$50k–$75k,0.3757
6073000400,Census Tract 4,400,3717.0,3717.0,69783.0,$50k–$75k,0.4481
6073000300,Census Tract 3,300,5174.0,5174.0,69766.0,$50k–$75k,0.4243
6073018100,Census Tract 181,18100,6606.0,6606.0,69665.0,$50k–$75k,0.437
6073021400,Census Tract 214,21400,6932.0,6932.0,69432.0,$50k–$75k,0.5163
6073018516,Census Tract 185.16,18516,3912.0,3912.0,69185.0,$50k–$75k,0.4301
6073008345,Census Tract 83.45,8345,4170.0,4170.0,69122.0,$50k–$75k,0.423
6073020023,Census Tract 200.23,20023,4221.0,4221.0,68929.0,$50k–$75k,0.4959
6073016401,Census Tract 164.01,16401,5503.0,5503.0,68843.0,$50k–$75k,0.4017
6073019101,Census Tract 191.01,19101,7368.0,7368.0,68696.0,$50k–$75k,0.4657
6073008505,Census Tract 85.05,8505,6571.0,6571.0,68665.0,$50k–$75k,0.4293
6073010011,Census Tract 100.11,10011,4066.0,4066.0,68571.0,$50k–$75k,0.3366
6073020208,Census Tract 202.08,20208,2541.0,2541.0,68553.0,$50k–$75k,0.3705
6073018507,Census Tract 185.07,18507,9360.0,9360.0,68529.0,$50k–$75k,0.4371
6073007907,Census Tract 79.07,7907,3532.0,3532.0,68255.0,$50k–$75k,0.3712
6073003112,Census Tract 31.12,3112,4831.0,4831.0,68062.0,$50k–$75k,0.3465
6073005600,Census Tract 56,5600,4321.0,4321.0,67988.0,$50k–$75k,0.5092
6073001100,Census Tract 11,1100,3392.0,3392.0,67909.0,$50k–$75k,0.382
6073020105,Census Tract 201.05,20105,4130.0,4130.0,67909.0,$50k–$75k,0.4237
6073015100,Census Tract 151,15100,4801.0,4801.0,67900.0,$50k–$75k,0.3695
6073013506,Census Tract 135.06,13506,4131.0,4131.0,67780.0,$50k–$75k,0.4269
6073019206,Census Tract 192.06,19206,6193.0,6193.0,67653.0,$50k–$75k,0.3911
6073017019,Census Tract 170.19,17019,6137.0,6137.0,67529.0,$50k–$75k,0.4332
6073010300,Census Tract 103,10300,4462.0,4462.0,67361.0,$50k–$75k,0.4042
6073018504,Census Tract 185.04,18504,7307.0,7307.0,67300.0,$50k–$75k,0.4507
6073008503,Census Tract 85.03,8503,6796.0,6796.0,66817.0,$50k–$75k,0.4085
6073008363,Census Tract 83.63,8363,5500.0,5500.0,66759.0,$50k–$75k,0.4298
6073003107,Census Tract 31.07,3107,6187.0,6187.0,66655.0,$50k–$75k,0.3983
6073017604,Census Tract 176.04,17604,7421.0,7421.0,66563.0,$50k–$75k,0.572
6073004400,Census Tract 44,4400,4019.0,4019.0,66563.0,$50k–$75k,0.4696
6073013801,Census Tract 138.01,13801,4789.0,4789.0,66467.0,$50k–$75k,0.3656
6073009201,Census Tract 92.01,9201,5885.0,5885.0,66413.0,$50k–$75k,0.4024
6073002903,Census Tract 29.03,2903,4057.0,4057.0,66250.0,$50k–$75k,0.3811
6073010001,Census Tract 100.01,10001,3693.0,3693.0,66231.0,$50k–$75k,0.4309
6073007600,Census Tract 76,7600,4667.0,4667.0,66212.0,$50k–$75k,0.4716
6073008509,Census Tract 85.09,8509,8117.0,8117.0,66162.0,$50k–$75k,0.4276
6073007800,Census Tract 78,7800,6067.0,6067.0,66091.0,$50k–$75k,0.4142
6073003105,Census Tract 31.05,3105,4674.0,4674.0,66071.0,$50k–$75k,0.2967
6073008507,Census Tract 85.07,8507,8062.0,8062.0,66071.0,$50k–$75k,0.401
6073019405,Census Tract 194.05,19405,4090.0,4090.0,66000.0,$50k–$75k,0.3305
6073013307,Census Tract 133.07,13307,4814.0,4814.0,65990.0,$50k–$75k,0.348
6073009107,Census Tract 91.07,9107,4817.0,4817.0,65913.0,$50k–$75k,0.384
6073017050,Census Tract 170.50,17050,3097.0,3097.0,65824.0,$50k–$75k,0.3947
6073008339,Census Tract 83.39,8339,2115.0,2115.0,65729.0,$50k–$75k,0.4597
6073020026,Census Tract 200.26,20026,4452.0,4452.0,65570.0,$50k–$75k,0.4198
6073019404,Census Tract 194.04,19404,3265.0,3265.0,65444.0,$50k–$75k,0.3344
6073001000,Census Tract 10,1000,4934.0,4934.0,65437.0,$50k–$75k,0.3753
6073019808,Census Tract 198.08,19808,4682.0,4682.0,65357.0,$50k–$75k,0.4088
6073018609,Census Tract 186.09,18609,6399.0,6399.0,64903.0,$50k–$75k,0.3427
6073003214,Census Tract 32.14,3214,5141.0,5141.0,64846.0,$50k–$75k,0.3279
6073005900,Census Tract 59,5900,3240.0,3240.0,64808.0,$50k–$75k,0.4296
6073000800,Census Tract 8,800,4439.0,4439.0,64750.0,$50k–$75k,0.4673
6073008361,Census Tract 83.61,8361,2581.0,2581.0,64688.0,$50k–$75k,0.4332
6073008902,Census Tract 89.02,8902,2132.0,2132.0,64583.0,$50k–$75k,0.4333
6073016402,Census Tract 164.02,16402,7920.0,7920.0,64559.0,$50k–$75k,0.4988
6073013312,Census Tract 133.12,13312,2703.0,2703.0,64487.0,$50k–$75k,0.3231
6073009301,Census Tract 93.01,9301,4911.0,4911.0,64449.0,$50k–$75k,0.4697
6073003401,Census Tract 34.01,3401,7027.0,7027.0,64422.0,$50k–$75k,0.3833
6073016503,Census Tract 165.03,16503,3077.0,3077.0,64214.0,$50k–$75k,0.3925
6073009511,Census Tract 95.11,9511,4517.0,4517.0,64176.0,$50k–$75k,0.3138
6073000202,Census Tract 2.02,202,5021.0,5021.0,64080.0,$50k–$75k,0.4557
6073019406,Census Tract 194.06,19406,4877.0,4877.0,63938.0,$50k–$75k,0.3737
6073013903,Census Tract 139.03,13903,4190.0,4190.0,63843.0,$50k–$75k,0.4319
6073020805,Census Tract 208.05,20805,3624.0,3624.0,63820.0,$50k–$75k,0.3498
6073014700,Census Tract 147,14700,8094.0,8094.0,63779.0,$50k–$75k,0.3748
6073020307,Census Tract 203.07,20307,7156.0,7156.0,63618.0,$50k–$75k,0.4235
6073020025,Census Tract 200.25,20025,4791.0,4791.0,63553.0,$50k–$75k,0.396
6073016702,Census Tract 167.02,16702,7517.0,7517.0,63354.0,$50k–$75k,0.4167
6073010107,Census Tract 101.07,10107,6932.0,6932.0,63316.0,$50k–$75k,0.3684
6073003003,Census Tract 30.03,3003,5354.0,5354.0,63202.0,$50k–$75k,0.3944
6073014804,Census Tract 148.04,14804,3771.0,3771.0,63070.0,$50k–$75k,0.424
6073013302,Census Tract 133.02,13302,4872.0,4872.0,62957.0,$50k–$75k,0.3788
6073017048,Census Tract 170.48,17048,7729.0,7729.0,62951.0,$50k–$75k,0.4081
6073016616,Census Tract 166.16,16616,4237.0,4237.0,62788.0,$50k–$75k,0.4177
6073007501,Census Tract 75.01,7501,3684.0,3684.0,62560.0,$50k–$75k,0.4218
6073018300,Census Tract 183,18300,2590.0,2590.0,62500.0,$50k–$75k,0.5355
6073019303,Census Tract 193.03,19303,6880.0,6880.0,62380.0,$50k–$75k,0.4467
6073017900,Census Tract 179,17900,7084.0,7084.0,62321.0,$50k–$75k,0.4203
6073019601,Census Tract 196.01,19601,6930.0,6930.0,62210.0,$50k–$75k,0.3803
6073021205,Census Tract 212.05,21205,7073.0,7073.0,62169.0,$50k–$75k,0.4071
6073020024,Census Tract 200.24,20024,4415.0,4415.0,62083.0,$50k–$75k,0.4447
6073020021,Census Tract 200.21,20021,6248.0,6248.0,61776.0,$50k–$75k,0.3952
6073015601,Census Tract 156.01,15601,6160.0,6160.0,61761.0,$50k–$75k,0.3947
6073008343,Census Tract 83.43,8343,5090.0,5090.0,61583.0,$50k–$75k,0.4182
6073007908,Census Tract 79.08,7908,3269.0,3269.0,61369.0,$50k–$75k,0.3698
6073020306,Census Tract 203.06,20306,9189.0,9189.0,61302.0,$50k–$75k,0.4437
6073014901,Census Tract 149.01,14901,4303.0,4303.0,61250.0,$50k–$75k,0.4511
6073019203,Census Tract 192.03,19203,2694.0,2694.0,61202.0,$50k–$75k,0.4583
6073013505,Census Tract 135.05,13505,5021.0,5021.0,61159.0,$50k–$75k,0.3919
6073007702,Census Tract 77.02,7702,3957.0,3957.0,61061.0,$50k–$75k,0.4332
6073013909,Census Tract 139.09,13909,4610.0,4610.0,61050.0,$50k–$75k,0.3672
6073000600,Census Tract 6,600,3143.0,3143.0,60909.0,$50k–$75k,0.4525
6073010104,Census Tract 101.04,10104,3867.0,3867.0,60909.0,$50k–$75k,0.35
6073013308,Census Tract 133.08,13308,3690.0,3690.0,60862.0,$50k–$75k,0.3481
6073019905,Census Tract 199.05,19905,4270.0,4270.0,60536.0,$50k–$75k,0.4077
6073018518,Census Tract 185.18,18518,3624.0,3624.0,60469.0,$50k–$75k,0.3689
6073010200,Census Tract 102,10200,6998.0,6998.0,60370.0,$50k–$75k,0.4149
6073014300,Census Tract 143,14300,4080.0,4080.0,60323.0,$50k–$75k,0.3277
6073016617,Census Tract 166.17,16617,3528.0,3528.0,60201.0,$50k–$75k,0.395
6073009106,Census Tract 91.06,9106,4747.0,4747.0,60114.0,$50k–$75k,0.4803
6073003108,Census Tract 31.08,3108,3988.0,3988.0,60000.0,$50k–$75k,0.3738
6073019107,Census Tract 191.07,19107,1940.0,1940.0,59917.0,$50k–$75k,0.4043
6073007903,Census Tract 79.03,7903,4660.0,4660.0,59781.0,$50k–$75k,0.4528
6073002100,Census Tract 21,2100,4966.0,4966.0,59459.0,$50k–$75k,0.375
6073008341,Census Tract 83.41,8341,7953.0,7953.0,59447.0,$50k–$75k,0.5538
6073014102,Census Tract 141.02,14102,4157.0,4157.0,59386.0,$50k–$75k,0.4011
6073006801,Census Tract 68.01,6801,2547.0,2547.0,59057.0,$50k–$75k,0.4385
6073016806,Census Tract 168.06,16806,4449.0,4449.0,59054.0,$50k–$75k,0.4282
6073002711,Census Tract 27.11,2711,3279.0,3279.0,58993.0,$50k–$75k,0.359
6073010004,Census Tract 100.04,10004,4732.0,4732.0,58910.0,$50k–$75k,0.3594
6073008359,Census Tract 83.59,8359,4808.0,4808.0,58889.0,$50k–$75k,0.359
6073003001,Census Tract 30.01,3001,4235.0,4235.0,58684.0,$50k–$75k,0.399
6073002703,Census Tract 27.03,2703,7679.0,7679.0,58342.0,$50k–$75k,0.3849
6073002702,Census Tract 27.02,2702,6238.0,6238.0,58088.0,$50k–$75k,0.4029
6073018610,Census Tract 186.10,18610,7798.0,7798.0,58024.0,$50k–$75k,0.4183
6073012003,Census Tract 120.03,12003,3617.0,3617.0,57778.0,$50k–$75k,0.4626
6073015000,Census Tract 150,15000,6796.0,6796.0,57734.0,$50k–$75k,0.3907
6073018613,Census Tract 186.13,18613,3853.0,3853.0,57571.0,$50k–$75k,0.378
6073002502,Census Tract 25.02,2502,6642.0,6642.0,57241.0,$50k–$75k,0.4313
6073013503,Census Tract 135.03,13503,6114.0,6114.0,57206.0,$50k–$75k,0.3777
6073011902,Census Tract 119.02,11902,5650.0,5650.0,57071.0,$50k–$75k,0.4703
6073014805,Census Tract 148.05,14805,4523.0,4523.0,57047.0,$50k–$75k,0.3917
6073003115,Census Tract 31.15,3115,6952.0,6952.0,57035.0,$50k–$75k,0.4599
6073018519,Census Tract 185.19,18519,5776.0,5776.0,56382.0,$50k–$75k,0.405
6073019207,Census Tract 192.07,19207,9625.0,9625.0,56323.0,$50k–$75k,0.5419
6073018906,Census Tract 189.06,18906,6611.0,6611.0,56319.0,$50k–$75k,0.4102
6073003103,Census Tract 31.03,3103,6485.0,6485.0,56281.0,$50k–$75k,0.4207
6073002705,Census Tract 27.05,2705,4542.0,4542.0,56184.0,$50k–$75k,0.4714
6073013702,Census Tract 137.02,13702,5788.0,5788.0,56048.0,$50k–$75k,0.4243
6073020806,Census Tract 208.06,20806,5991.0,5991.0,56014.0,$50k–$75k,0.4015
6073020602,Census Tract 206.02,20602,6270.0,6270.0,55875.0,$50k–$75k,0.4073
6073001300,Census Tract 13,1300,6102.0,6102.0,55859.0,$50k–$75k,0.3898
6073013303,Census Tract 133.03,13303,5321.0,5321.0,55781.0,$50k–$75k,0.4403
6073017014,Census Tract 170.14,17014,2427.0,2427.0,55382.0,$50k–$75k,0.4283
6073014500,Census Tract 145,14500,4062.0,4062.0,55341.0,$50k–$75k,0.423
6073006500,Census Tract 65,6500,3223.0,3223.0,55273.0,$50k–$75k,0.5201
6073018517,Census Tract 185.17,18517,5049.0,5049.0,55243.0,$50k–$75k,0.4404
6073009603,Census Tract 96.03,9603,5444.0,5444.0,54910.0,$50k–$75k,0.3863
6073020904,Census Tract 209.04,20904,1909.0,1909.0,54866.0,$50k–$75k,0.3808
6073016804,Census Tract 168.04,16804,7355.0,7355.0,54773.0,$50k–$75k,0.3912
6073002902,Census Tract 29.02,2902,7053.0,7053.0,54658.0,$50k–$75k,0.4137
6073019503,Census Tract 195.03,19503,5474.0,5474.0,54506.0,$50k–$75k,0.3618
6073020601,Census Tract 206.01,20601,6511.0,6511.0,54504.0,$50k–$75k,0.3813
6073003209,Census Tract 32.09,3209,5222.0,5222.0,54375.0,$50k–$75k,0.3841
6073014902,Census Tract 149.02,14902,3339.0,3339.0,54345.0,$50k–$75k,0.4246
6073005300,Census Tract 53,5300,5263.0,5263.0,54009.0,$50k–$75k,0.6363
6073013102,Census Tract 131.02,13102,6473.0,6473.0,53981.0,$50k–$75k,0.338
6073019302,Census Tract 193.02,19302,7836.0,7836.0,53689.0,$50k–$75k,0.4573
6073010501,Census Tract 105.01,10501,1490.0,1490.0,53676.0,$50k–$75k,0.5096
6073020018,Census Tract 200.18,20018,8436.0,8436.0,53266.0,$50k–$75k,0.4238
6073009510,Census Tract 95.10,9510,4790.0,4790.0,53214.0,$50k–$75k,0.3478
6073003101,Census Tract 31.01,3101,3977.0,3977.0,53155.0,$50k–$75k,0.369
6073020019,Census Tract 200.19,20019,6745.0,6745.0,52917.0,$50k–$75k,0.4684
6073013802,Census Tract 138.02,13802,3151.0,3151.0,52733.0,$50k–$75k,0.3199
6073010110,Census Tract 101.10,10110,8241.0,8241.0,52703.0,$50k–$75k,0.4474
6073013000,Census Tract 130,13000,6558.0,6558.0,52656.0,$50k–$75k,0.4231
6073006600,Census Tract 66,6600,1752.0,1752.0,52643.0,$50k–$75k,0.3056
6073009000,Census Tract 90,9000,4566.0,4566.0,52593.0,$50k–$75k,0.4401
6073014001,Census Tract 140.01,14001,4404.0,4404.0,52500.0,$50k–$75k,0.3831
6073019701,Census Tract 197.01,19701,7177.0,7177.0,52430.0,$50k–$75k,0.3457
6073014803,Census Tract 148.03,14803,5122.0,5122.0,52398.0,$50k–$75k,0.3934
6073012304,Census Tract 123.04,12304,3525.0,3525.0,52277.0,$50k–$75k,0.4031
6073003201,Census Tract 32.01,3201,5460.0,5460.0,52270.0,$50k–$75k,0.3669
6073020707,Census Tract 207.07,20707,4939.0,4939.0,51842.0,$50k–$75k,0.3765
6073013306,Census Tract 133.06,13306,4153.0,4153.0,51742.0,$50k–$75k,0.4358
6073020108,Census Tract 201.08,20108,6091.0,6091.0,51580.0,$50k–$75k,0.4658
6073000900,Census Tract 9,900,5481.0,5481.0,51359.0,$50k–$75k,0.38
6073008510,Census Tract 85.10,8510,6821.0,6821.0,51327.0,$50k–$75k,0.5276
6073020210,Census Tract 202.10,20210,5035.0,5035.0,50802.0,$50k–$75k,0.4684
6073003202,Census Tract 32.02,3202,4569.0,4569.0,50682.0,$50k–$75k,0.3855
6073010401,Census Tract 104.01,10401,2329.0,2329.0,50583.0,$50k–$75k,0.4
6073012101,Census Tract 121.01,12101,2269.0,2269.0,50521.0,$50k–$75k,0.4234
6073008800,Census Tract 88,8800,7092.0,7092.0,50153.0,$50k–$75k,0.4515
6073015404,Census Tract 154.04,15404,8275.0,8275.0,50127.0,$50k–$75k,0.4293
6073004600,Census Tract 46,4600,1843.0,1843.0,50109.0,$50k–$75k,0.4896
6073012800,Census Tract 128,12800,4070.0,4070.0,49761.0,$25k–$50k,0.4899
6073012102,Census Tract 121.02,12102,3685.0,3685.0,49606.0,$25k–$50k,0.412
6073018903,Census Tract 189.03,18903,4873.0,4873.0,49603.0,$25k–$50k,0.4168
6073018511,Census Tract 185.11,18511,5205.0,5205.0,49506.0,$25k–$50k,0.3724
6073012200,Census Tract 122,12200,3302.0,3302.0,48938.0,$25k–$50k,0.4167
6073010010,Census Tract 100.10,10010,5846.0,5846.0,48750.0,$25k–$50k,0.3921
6073015301,Census Tract 153.01,15301,3297.0,3297.0,48194.0,$25k–$50k,0.404
6073015704,Census Tract 157.04,15704,3979.0,3979.0,48185.0,$25k–$50k,0.3935
6073019205,Census Tract 192.05,19205,6509.0,6509.0,48168.0,$25k–$50k,0.4445
6073020500,Census Tract 205,20500,5180.0,5180.0,48059.0,$25k–$50k,0.4244
6073004501,Census Tract 45.01,4501,2690.0,2690.0,47724.0,$25k–$50k,0.409
6073013104,Census Tract 131.04,13104,6004.0,6004.0,47706.0,$25k–$50k,0.4177
6073002803,Census Tract 28.03,2803,5248.0,5248.0,47648.0,$25k–$50k,0.4768
6073018614,Census Tract 186.14,18614,6024.0,6024.0,47585.0,$25k–$50k,0.4149
6073002905,Census Tract 29.05,2905,5023.0,5023.0,47535.0,$25k–$50k,0.4147
6073001800,Census Tract 18,1800,5488.0,5488.0,47319.0,$25k–$50k,0.4063
6073016504,Census Tract 165.04,16504,7864.0,7864.0,47288.0,$25k–$50k,0.3549
6073008600,Census Tract 86,8600,7177.0,7177.0,47235.0,$25k–$50k,0.4042
6073001700,Census Tract 17,1700,4679.0,4679.0,47208.0,$25k–$50k,0.3866
6073009400,Census Tract 94,9400,4645.0,4645.0,47083.0,$25k–$50k,0.4023
6073004100,Census Tract 41,4100,7081.0,7081.0,46908.0,$25k–$50k,0.3646
6073002602,Census Tract 26.02,2602,4307.0,4307.0,46875.0,$25k–$50k,0.3872
6073020017,Census Tract 200.17,20017,3498.0,3498.0,46850.0,$25k–$50k,0.4666
6073018905,Census Tract 189.05,18905,6815.0,6815.0,46806.0,$25k–$50k,0.4396
6073013906,Census Tract 139.06,13906,5247.0,5247.0,46793.0,$25k–$50k,0.4265
6073013103,Census Tract 131.03,13103,2703.0,2703.0,46771.0,$25k–$50k,0.3487
6073001200,Census Tract 12,1200,6126.0,6126.0,46728.0,$25k–$50k,0.3857
6073010402,Census Tract 104.02,10402,6171.0,6171.0,46016.0,$25k–$50k,0.3753
6073015902,Census Tract 159.02,15902,5031.0,5031.0,45885.0,$25k–$50k,0.4117
6073018400,Census Tract 184,18400,3266.0,3266.0,45851.0,$25k–$50k,0.4856
6073012303,Census Tract 123.03,12303,3812.0,3812.0,45833.0,$25k–$50k,0.4275
6073013907,Census Tract 139.07,13907,4111.0,4111.0,45432.0,$25k–$50k,0.3692
6073003004,Census Tract 30.04,3004,5115.0,5115.0,45213.0,$25k–$50k,0.3969
6073003208,Census Tract 32.08,3208,6793.0,6793.0,45135.0,$25k–$50k,0.3788
6073012600,Census Tract 126,12600,4739.0,4739.0,44918.0,$25k–$50k,0.4746
6073018904,Census Tract 189.04,18904,5825.0,5825.0,44797.0,$25k–$50k,0.4499
6073002401,Census Tract 24.01,2401,4970.0,4970.0,44767.0,$25k–$50k,0.4287
6073003602,Census Tract 36.02,3602,3244.0,3244.0,44702.0,$25k–$50k,0.3627
6073010103,Census Tract 101.03,10103,6422.0,6422.0,44347.0,$25k–$50k,0.3925
6073022000,Census Tract 220,22000,4664.0,4664.0,44316.0,$25k–$50k,0.3872
6073014601,Census Tract 146.01,14601,4765.0,4765.0,44154.0,$25k–$50k,0.4813
6073020206,Census Tract 202.06,20206,5800.0,5800.0,44135.0,$25k–$50k,0.3733
6073014806,Census Tract 148.06,14806,2895.0,2895.0,43917.0,$25k–$50k,0.5581
6073018200,Census Tract 182,18200,7204.0,7204.0,43836.0,$25k–$50k,0.6022
6073010106,Census Tract 101.06,10106,6111.0,6111.0,43830.0,$25k–$50k,0.4139
6073001600,Census Tract 16,1600,4770.0,4770.0,43585.0,$25k–$50k,0.4082
6073016202,Census Tract 162.02,16202,3609.0,3609.0,43458.0,$25k–$50k,0.4047
6073018512,Census Tract 185.12,18512,3874.0,3874.0,43223.0,$25k–$50k,0.4068
6073012402,Census Tract 124.02,12402,5318.0,5318.0,43080.0,$25k–$50k,0.4131
6073010502,Census Tract 105.02,10502,5785.0,5785.0,42963.0,$25k–$50k,0.4088
6073003404,Census Tract 34.04,3404,5520.0,5520.0,42941.0,$25k–$50k,0.506
6073021100,Census Tract 211,21100,7434.0,7434.0,42893.0,$25k–$50k,0.4683
6073002710,Census Tract 27.10,2710,4653.0,4653.0,42721.0,$25k–$50k,0.517
6073019501,Census Tract 195.01,19501,3538.0,3538.0,42625.0,$25k–$50k,0.395
6073005100,Census Tract 51,5100,6851.0,6851.0,42483.0,$25k–$50k,0.553
6073019805,Census Tract 198.05,19805,4003.0,4003.0,42352.0,$25k–$50k,0.4385
6073019502,Census Tract 195.02,19502,5747.0,5747.0,42212.0,$25k–$50k,0.3537
6073020211,Census Tract 202.11,20211,7005.0,7005.0,42007.0,$25k–$50k,0.3924
6073005200,Census Tract 52,5200,6308.0,6308.0,41866.0,$25k–$50k,0.5258
6073020209,Census Tract 202.09,20209,5710.0,5710.0,41836.0,$25k–$50k,0.3838
6073018509,Census Tract 185.09,18509,4914.0,4914.0,41786.0,$25k–$50k,0.4085
6073018700,Census Tract 187,18700,40402.0,40402.0,41709.0,$25k–$50k,0.3196
6073010009,Census Tract 100.09,10009,7053.0,7053.0,41703.0,$25k–$50k,0.3866
6073012401,Census Tract 124.01,12401,3898.0,3898.0,41588.0,$25k–$50k,0.3808
6073016302,Census Tract 163.02,16302,6022.0,6022.0,41426.0,$25k–$50k,0.467
6073003111,Census Tract 31.11,3111,7190.0,7190.0,41359.0,$25k–$50k,0.4039
6073011802,Census Tract 118.02,11802,7893.0,7893.0,41307.0,$25k–$50k,0.4113
6073003501,Census Tract 35.01,3501,4739.0,4739.0,41176.0,$25k–$50k,0.3852
6073011602,Census Tract 116.02,11602,3847.0,3847.0,41176.0,$25k–$50k,0.3806
6073010012,Census Tract 100.12,10012,5283.0,5283.0,41159.0,$25k–$50k,0.3789
6073002712,Census Tract 27.12,2712,4958.0,4958.0,40775.0,$25k–$50k,0.4492
6073021900,Census Tract 219,21900,5684.0,5684.0,40144.0,$25k–$50k,0.4215
6073016502,Census Tract 165.02,16502,7645.0,7645.0,40043.0,$25k–$50k,0.4398
6073020029,Census Tract 200.29,20029,5799.0,5799.0,40000.0,$25k–$50k,0.368
6073002501,Census Tract 25.01,2501,5525.0,5525.0,39801.0,$25k–$50k,0.4532
6073021000,Census Tract 210,21000,2693.0,2693.0,39760.0,$25k–$50k,0.4416
6073003403,Census Tract 34.03,3403,3726.0,3726.0,39516.0,$25k–$50k,0.3918
6073015901,Census Tract 159.01,15901,3849.0,3849.0,39286.0,$25k–$50k,0.4004
6073013206,Census Tract 132.06,13206,7350.0,7350.0,39136.0,$25k–$50k,0.3532
6073009102,Census Tract 91.02,9102,3684.0,3684.0,38958.0,$25k–$50k,0.4763
6073020207,Census Tract 202.07,20207,4980.0,4980.0,38882.0,$25k–$50k,0.3933
6073020903,Census Tract 209.03,20903,3007.0,3007.0,38796.0,$25k–$50k,0.4723
6073003301,Census Tract 33.01,3301,3719.0,3719.0,38512.0,$25k–$50k,0.4687
6073012700,Census Tract 127,12700,5335.0,5335.0,38299.0,$25k–$50k,0.4172
6073010112,Census Tract 101.12,10112,5149.0,5149.0,38250.0,$25k–$50k,0.3888
6073002801,Census Tract 28.01,2801,3031.0,3031.0,38125.0,$25k–$50k,0.6667
6073008305,Census Tract 83.05,8305,2002.0,2002.0,37863.0,$25k–$50k,0.4797
6073002904,Census Tract 29.04,2904,9038.0,9038.0,37804.0,$25k–$50k,0.4798
6073015701,Census Tract 157.01,15701,7157.0,7157.0,37619.0,$25k–$50k,0.4082
6073010111,Census Tract 101.11,10111,3328.0,3328.0,37560.0,$25k–$50k,0.4243
6073020028,Census Tract 200.28,20028,4509.0,4509.0,37132.0,$25k–$50k,0.3087
6073011801,Census Tract 118.01,11801,3722.0,3722.0,37016.0,$25k–$50k,0.5153
6073016301,Census Tract 163.01,16301,5353.0,5353.0,36895.0,$25k–$50k,0.4407
6073012502,Census Tract 125.02,12502,4500.0,4500.0,36667.0,$25k–$50k,0.3783
6073004000,Census Tract 40,4000,5166.0,5166.0,36589.0,$25k–$50k,0.3666
6073013204,Census Tract 132.04,13204,3805.0,3805.0,36458.0,$25k–$50k,0.4346
6073010013,Census Tract 100.13,10013,5639.0,5639.0,36393.0,$25k–$50k,0.3929
6073012002,Census Tract 120.02,12002,3851.0,3851.0,36375.0,$25k–$50k,0.4675
6073010005,Census Tract 100.05,10005,7955.0,7955.0,36099.0,$25k–$50k,0.4467
6073011601,Census Tract 116.01,11601,5593.0,5593.0,36090.0,$25k–$50k,0.3943
6073003601,Census Tract 36.01,3601,2896.0,2896.0,36061.0,$25k–$50k,0.4051
6073003603,Census Tract 36.03,3603,4118.0,4118.0,35989.0,$25k–$50k,0.3794
6073020202,Census Tract 202.02,20202,7122.0,7122.0,35901.0,$25k–$50k,0.3923
6073003304,Census Tract 33.04,3304,4287.0,4287.0,35307.0,$25k–$50k,0.4399
6073018603,Census Tract 186.03,18603,6698.0,6698.0,35144.0,$25k–$50k,0.4583
6073015802,Census Tract 158.02,15802,4804.0,4804.0,34705.0,$25k–$50k,0.4262
6073020213,Census Tract 202.13,20213,3907.0,3907.0,34259.0,$25k–$50k,0.3582
6073013205,Census Tract 132.05,13205,2370.0,2370.0,34205.0,$25k–$50k,0.4252
6073003902,Census Tract 39.02,3902,4284.0,4284.0,34199.0,$25k–$50k,0.3447
6073005700,Census Tract 57,5700,1589.0,1589.0,34048.0,$25k–$50k,0.4833
6073002707,Census Tract 27.07,2707,5418.0,5418.0,33965.0,$25k–$50k,0.3745
6073004800,Census Tract 48,4800,3960.0,3960.0,33797.0,$25k–$50k,0.3872
6073004900,Census Tract 49,4900,5686.0,5686.0,33420.0,$25k–$50k,0.4015
6073014400,Census Tract 144,14400,3952.0,3952.0,33090.0,$25k–$50k,0.4152
6073002201,Census Tract 22.01,2201,3467.0,3467.0,32946.0,$25k–$50k,0.5232
6073002402,Census Tract 24.02,2402,5391.0,5391.0,32742.0,$25k–$50k,0.4164
6073003502,Census Tract 35.02,3502,4491.0,4491.0,32475.0,$25k–$50k,0.4796
6073002709,Census Tract 27.09,2709,4092.0,4092.0,32061.0,$25k–$50k,0.5353
6073015801,Census Tract 158.01,15801,3206.0,3206.0,31979.0,$25k–$50k,0.4131
6073020214,Census Tract 202.14,20214,5919.0,5919.0,31735.0,$25k–$50k,0.3926
6073003901,Census Tract 39.01,3901,4353.0,4353.0,30845.0,$25k–$50k,0.5
6073020308,Census Tract 203.08,20308,5373.0,5373.0,30292.0,$25k–$50k,0.4554
6073002302,Census Tract 23.02,2302,7826.0,7826.0,30231.0,$25k–$50k,0.3857
6073012302,Census Tract 123.02,12302,1679.0,1679.0,29886.0,$25k–$50k,0.4904
6073002301,Census Tract 23.01,2301,3041.0,3041.0,29741.0,$25k–$50k,0.4725
6073004700,Census Tract 47,4700,1693.0,1693.0,28661.0,$25k–$50k,0.4635
6073003303,Census Tract 33.03,3303,4684.0,4684.0,28483.0,$25k–$50k,0.4016
6073002601,Census Tract 26.01,2601,5554.0,5554.0,28422.0,$25k–$50k,0.4114
6073011700,Census Tract 117,11700,6083.0,6083.0,28036.0,$25k–$50k,0.4934
6073013203,Census Tract 132.03,13203,6825.0,6825.0,26679.0,$25k–$50k,0.4602
6073012501,Census Tract 125.01,12501,2778.0,2778.0,26382.0,$25k–$50k,0.4274
6073002708,Census Tract 27.08,2708,5929.0,5929.0,26052.0,$25k–$50k,0.39
6073002202,Census Tract 22.02,2202,5775.0,5775.0,25625.0,$25k–$50k,0.4441
6073015703,Census Tract 157.03,15703,7196.0,7196.0,23728.0,<$25k,0.4481
6073003305,Census Tract 33.05,3305,5998.0,5998.0,23452.0,<$25k,0.5146
6073005000,Census Tract 50,5000,2401.0,2401.0,22614.0,<$25k,0.5041
